output_row,profile,livery,role,source_image,source_y,template,reused
0,1992_4,London Underground,a,/home/jon/BRTrains2/gfx/Metro/LU_1992.png,13,template_train32px_old,false
1,1992_4,London Underground,c,/home/jon/BRTrains2/gfx/Metro/LU_1992.png,63,template_train32px_old,false
2,1992_4,London Underground,b,/home/jon/BRTrains2/gfx/Metro/LU_1992.png,38,template_train32px_old,false
3,1992_4,Network SouthEast,a,/home/jon/BRTrains2/gfx/Metro/LU_1992.png,88,template_train32px_old,false
4,1992_4,Network SouthEast,c,/home/jon/BRTrains2/gfx/Metro/LU_1992.png,138,template_train32px_old,false
5,1992_4,Network SouthEast,b,/home/jon/BRTrains2/gfx/Metro/LU_1992.png,113,template_train32px_old,false
6,1992_8,London Underground,a,/home/jon/BRTrains2/gfx/Metro/LU_1992.png,13,template_train32px_old,true
7,1992_8,London Underground,c,/home/jon/BRTrains2/gfx/Metro/LU_1992.png,63,template_train32px_old,true
8,1992_8,London Underground,b,/home/jon/BRTrains2/gfx/Metro/LU_1992.png,38,template_train32px_old,true
9,1992_8,Network SouthEast,a,/home/jon/BRTrains2/gfx/Metro/LU_1992.png,88,template_train32px_old,true
10,1992_8,Network SouthEast,c,/home/jon/BRTrains2/gfx/Metro/LU_1992.png,138,template_train32px_old,true
11,1992_8,Network SouthEast,b,/home/jon/BRTrains2/gfx/Metro/LU_1992.png,113,template_train32px_old,true
